-- phpMyAdmin SQL Dump
-- version 5.1.1
-- https://www.phpmyadmin.net/
--
-- Host: 127.0.0.1
-- Generation Time: Jun 13, 2022 at 08:08 AM
-- Server version: 10.4.22-MariaDB
-- PHP Version: 8.1.6

SET SQL_MODE = "NO_AUTO_VALUE_ON_ZERO";
START TRANSACTION;
SET time_zone = "+00:00";


/*!40101 SET @OLD_CHARACTER_SET_CLIENT=@@CHARACTER_SET_CLIENT */;
/*!40101 SET @OLD_CHARACTER_SET_RESULTS=@@CHARACTER_SET_RESULTS */;
/*!40101 SET @OLD_COLLATION_CONNECTION=@@COLLATION_CONNECTION */;
/*!40101 SET NAMES utf8mb4 */;

--
-- Database: `db_expense_tracker`
--

-- --------------------------------------------------------

--
-- Table structure for table `admin`
--

CREATE TABLE `admin` (
  `id_admin` int(11) NOT NULL,
  `nama` varchar(100) DEFAULT NULL,
  `no_telepon` varchar(20) DEFAULT NULL,
  `email` varchar(50) DEFAULT NULL
) ENGINE=InnoDB DEFAULT CHARSET=utf8mb4;

--
-- Dumping data for table `admin`
--

INSERT INTO `admin` (`id_admin`, `nama`, `no_telepon`, `email`) VALUES
(2, 'ExTracker', '08136176371', 'extrackere@gmail.com');

-- --------------------------------------------------------

--
-- Table structure for table `akun`
--

CREATE TABLE `akun` (
  `id_akun` int(11) NOT NULL,
  `username` varchar(50) DEFAULT NULL,
  `password` varchar(20) DEFAULT NULL,
  `id_user` int(11) DEFAULT NULL,
  `id_admin` int(11) DEFAULT NULL
) ENGINE=InnoDB DEFAULT CHARSET=utf8mb4;

--
-- Dumping data for table `akun`
--

INSERT INTO `akun` (`id_akun`, `username`, `password`, `id_user`, `id_admin`) VALUES
(18, 'listia', 'listia', 20, NULL),
(19, 'silmi', 'silmi', 21, NULL),
(20, 'admin', 'admin', NULL, 2),
(22, 'alifia', 'alifia', 22, NULL);

-- --------------------------------------------------------

--
-- Table structure for table `minimum_saldo`
--

CREATE TABLE `minimum_saldo` (
  `id_minimum_saldo` int(11) NOT NULL,
  `jumlah_minimum_saldo` int(11) DEFAULT NULL,
  `id_akun` int(11) NOT NULL
) ENGINE=InnoDB DEFAULT CHARSET=utf8mb4;

--
-- Dumping data for table `minimum_saldo`
--

INSERT INTO `minimum_saldo` (`id_minimum_saldo`, `jumlah_minimum_saldo`, `id_akun`) VALUES
(16, 10000, 19),
(17, 10000, 18);

-- --------------------------------------------------------

--
-- Table structure for table `pemasukan`
--

CREATE TABLE `pemasukan` (
  `id_pemasukan` int(11) NOT NULL,
  `jumlah_pemasukan` int(11) DEFAULT NULL,
  `deskripsi_pemasukan` varchar(100) DEFAULT '',
  `tanggal_pemasukan` datetime DEFAULT NULL,
  `id_akun` int(11) DEFAULT NULL
) ENGINE=InnoDB DEFAULT CHARSET=utf8mb4;

--
-- Dumping data for table `pemasukan`
--

INSERT INTO `pemasukan` (`id_pemasukan`, `jumlah_pemasukan`, `deskripsi_pemasukan`, `tanggal_pemasukan`, `id_akun`) VALUES
(27, 10000, '', '2022-05-30 18:43:00', 19),
(28, 3000, '', '2022-05-30 18:44:00', 19),
(29, 200000, 'Gajihan', '2022-05-28 20:19:00', 19),
(31, 100000, '', '2022-05-30 21:12:00', 18),
(32, 50000, '', '2022-06-02 20:52:00', 19),
(34, 60000, 'Dari ibu', '2022-06-03 10:00:00', 18),
(35, 10000, '', '2022-06-03 10:20:00', 19),
(36, 40000, '', '2022-06-03 10:20:00', 19);

-- --------------------------------------------------------

--
-- Table structure for table `pengeluaran`
--

CREATE TABLE `pengeluaran` (
  `id_pengeluaran` int(11) NOT NULL,
  `jumlah_pengeluaran` int(11) DEFAULT NULL,
  `deskripsi_pengeluaran` varchar(100) DEFAULT '',
  `tanggal_pengeluaran` datetime DEFAULT NULL,
  `id_akun` int(11) DEFAULT NULL
) ENGINE=InnoDB DEFAULT CHARSET=utf8mb4;

--
-- Dumping data for table `pengeluaran`
--

INSERT INTO `pengeluaran` (`id_pengeluaran`, `jumlah_pengeluaran`, `deskripsi_pengeluaran`, `tanggal_pengeluaran`, `id_akun`) VALUES
(27, 2000, '', '2022-05-30 18:47:00', 19),
(28, 13000, 'beli makan', '2022-05-30 20:19:00', 19),
(30, 90000, '', '2022-05-30 21:13:00', 18),
(31, 198000, '', '2022-05-30 21:13:00', 19),
(32, 50000, '', '2022-06-03 09:32:00', 19);

-- --------------------------------------------------------

--
-- Table structure for table `saldo`
--

CREATE TABLE `saldo` (
  `id_saldo` int(11) NOT NULL,
  `jumlah_saldo` int(11) DEFAULT NULL,
  `tanggal` date DEFAULT NULL,
  `id_akun` int(11) NOT NULL
) ENGINE=InnoDB DEFAULT CHARSET=utf8mb4;

--
-- Dumping data for table `saldo`
--

INSERT INTO `saldo` (`id_saldo`, `jumlah_saldo`, `tanggal`, `id_akun`) VALUES
(6, 70000, '2022-06-03', 18),
(7, 50000, '2022-06-12', 19),
(8, 0, '2022-06-03', 22);

-- --------------------------------------------------------

--
-- Table structure for table `user`
--

CREATE TABLE `user` (
  `id_user` int(11) NOT NULL,
  `nama` varchar(100) DEFAULT NULL,
  `no_telepon` varchar(20) DEFAULT NULL,
  `email` varchar(50) DEFAULT NULL
) ENGINE=InnoDB DEFAULT CHARSET=utf8mb4;

--
-- Dumping data for table `user`
--

INSERT INTO `user` (`id_user`, `nama`, `no_telepon`, `email`) VALUES
(20, 'listia', '08173813813', 'listianingrum2002@gmail.com'),
(21, 'silmi', '087283718731', 'silmiaulia38@gmail.com'),
(22, 'alifia', '081738131', 'alifia@gmail.com');

--
-- Indexes for dumped tables
--

--
-- Indexes for table `admin`
--
ALTER TABLE `admin`
  ADD PRIMARY KEY (`id_admin`);

--
-- Indexes for table `akun`
--
ALTER TABLE `akun`
  ADD PRIMARY KEY (`id_akun`),
  ADD KEY `fk_id_user` (`id_user`),
  ADD KEY `fk_id_admin` (`id_admin`);

--
-- Indexes for table `minimum_saldo`
--
ALTER TABLE `minimum_saldo`
  ADD PRIMARY KEY (`id_minimum_saldo`,`id_akun`),
  ADD KEY `fk_akun` (`id_akun`);

--
-- Indexes for table `pemasukan`
--
ALTER TABLE `pemasukan`
  ADD PRIMARY KEY (`id_pemasukan`),
  ADD KEY `fk_id_akun` (`id_akun`);

--
-- Indexes for table `pengeluaran`
--
ALTER TABLE `pengeluaran`
  ADD PRIMARY KEY (`id_pengeluaran`),
  ADD KEY `fk_id_akun_pengeluaran` (`id_akun`);

--
-- Indexes for table `saldo`
--
ALTER TABLE `saldo`
  ADD PRIMARY KEY (`id_saldo`,`id_akun`),
  ADD KEY `fk_id_akun_saldo` (`id_akun`);

--
-- Indexes for table `user`
--
ALTER TABLE `user`
  ADD PRIMARY KEY (`id_user`);

--
-- AUTO_INCREMENT for dumped tables
--

--
-- AUTO_INCREMENT for table `admin`
--
ALTER TABLE `admin`
  MODIFY `id_admin` int(11) NOT NULL AUTO_INCREMENT, AUTO_INCREMENT=4;

--
-- AUTO_INCREMENT for table `akun`
--
ALTER TABLE `akun`
  MODIFY `id_akun` int(11) NOT NULL AUTO_INCREMENT, AUTO_INCREMENT=26;

--
-- AUTO_INCREMENT for table `minimum_saldo`
--
ALTER TABLE `minimum_saldo`
  MODIFY `id_minimum_saldo` int(11) NOT NULL AUTO_INCREMENT, AUTO_INCREMENT=20;

--
-- AUTO_INCREMENT for table `pemasukan`
--
ALTER TABLE `pemasukan`
  MODIFY `id_pemasukan` int(11) NOT NULL AUTO_INCREMENT, AUTO_INCREMENT=39;

--
-- AUTO_INCREMENT for table `pengeluaran`
--
ALTER TABLE `pengeluaran`
  MODIFY `id_pengeluaran` int(11) NOT NULL AUTO_INCREMENT, AUTO_INCREMENT=37;

--
-- AUTO_INCREMENT for table `saldo`
--
ALTER TABLE `saldo`
  MODIFY `id_saldo` int(11) NOT NULL AUTO_INCREMENT, AUTO_INCREMENT=12;

--
-- AUTO_INCREMENT for table `user`
--
ALTER TABLE `user`
  MODIFY `id_user` int(11) NOT NULL AUTO_INCREMENT, AUTO_INCREMENT=26;

--
-- Constraints for dumped tables
--

--
-- Constraints for table `akun`
--
ALTER TABLE `akun`
  ADD CONSTRAINT `fk_id_admin` FOREIGN KEY (`id_admin`) REFERENCES `admin` (`id_admin`) ON DELETE CASCADE ON UPDATE CASCADE,
  ADD CONSTRAINT `fk_id_user` FOREIGN KEY (`id_user`) REFERENCES `user` (`id_user`) ON DELETE CASCADE ON UPDATE CASCADE;

--
-- Constraints for table `minimum_saldo`
--
ALTER TABLE `minimum_saldo`
  ADD CONSTRAINT `fk_akun` FOREIGN KEY (`id_akun`) REFERENCES `akun` (`id_akun`) ON DELETE CASCADE ON UPDATE CASCADE;

--
-- Constraints for table `pemasukan`
--
ALTER TABLE `pemasukan`
  ADD CONSTRAINT `fk_id_akun` FOREIGN KEY (`id_akun`) REFERENCES `akun` (`id_akun`) ON DELETE CASCADE ON UPDATE CASCADE;

--
-- Constraints for table `pengeluaran`
--
ALTER TABLE `pengeluaran`
  ADD CONSTRAINT `fk_id_akun_pengeluaran` FOREIGN KEY (`id_akun`) REFERENCES `akun` (`id_akun`) ON DELETE CASCADE ON UPDATE CASCADE;

--
-- Constraints for table `saldo`
--
ALTER TABLE `saldo`
  ADD CONSTRAINT `fk_id_akun_saldo` FOREIGN KEY (`id_akun`) REFERENCES `akun` (`id_akun`) ON DELETE CASCADE ON UPDATE CASCADE;
COMMIT;

/*!40101 SET CHARACTER_SET_CLIENT=@OLD_CHARACTER_SET_CLIENT */;
/*!40101 SET CHARACTER_SET_RESULTS=@OLD_CHARACTER_SET_RESULTS */;
/*!40101 SET COLLATION_CONNECTION=@OLD_COLLATION_CONNECTION */;
